Tag Name,Stars,Repo URLs
javascript,3326084,"https://github.com/mrdoob/three.js, https://github.com/mapbox/mapbox-gl-js, https://github.com/4ian/GDevelop, https://github.com/ljianshu/Blog, https://github.com/olifolkerd/tabulator, https://github.com/jquery-form/form, https://github.com/elbywan/wretch, https://github.com/Studio-42/elFinder, https://github.com/ded/reqwest, https://github.com/noelboss/featherlight, https://github.com/trekhleb/javascript-algorithms, https://github.com/azl397985856/leetcode, https://github.com/youngyangyang04/leetcode-master, https://github.com/TheAlgorithms/JavaScript, https://github.com/sst/sst, https://github.com/pulumi/pulumi, https://github.com/justjavac/free-programming-books-zh_CN, https://github.com/laurent22/joplin, https://github.com/appwrite/appwrite, https://github.com/dcloudio/uni-app, https://github.com/justjavac/free-programming-books-zh_CN, https://github.com/angular/angular, https://github.com/storybookjs/storybook, https://github.com/leonardomso/33-js-concepts, https://github.com/ionic-team/ionic-framework, https://github.com/prettier/prettier, https://github.com/Asabeneh/30-Days-Of-JavaScript, https://github.com/SheetJS/sheetjs, https://github.com/wailsapp/wails, https://github.com/NativeScript/NativeScript, https://github.com/goldbergyoni/javascript-testing-best-practices, https://github.com/sudheerj/javascript-interview-questions, https://github.com/nrwl/nx, https://github.com/teambit/bit, https://github.com/strapi/strapi, https://github.com/QuivrHQ/quivr, https://github.com/Binaryify/NeteaseCloudMusicApi, https://github.com/directus/directus, https://github.com/rwaldron/johnny-five, https://github.com/hybridgroup/cylon, https://github.com/DopplerHQ/awesome-interview-questions, https://github.com/enaqx/awesome-react, https://github.com/sindresorhus/awesome-nodejs, https://github.com/pulumi/pulumi, https://github.com/babel/babel, https://github.com/swc-project/swc, https://github.com/nylas/nylas-mail, https://github.com/electron-react-boilerplate/electron-react-boilerplate, https://github.com/grab/front-end-guide, https://github.com/grommet/grommet, https://github.com/angular-fullstack/generator-angular-fullstack, https://github.com/fkling/astexplorer, https://github.com/documentationjs/documentation, https://github.com/insin/nwb, https://github.com/google/zx, https://github.com/LeCoupa/awesome-cheatsheets, https://github.com/bitcoinjs/bitcoinjs-lib, https://github.com/twbs/bootstrap, https://github.com/mdbootstrap/mdb-ui-kit, https://github.com/react-bootstrap/react-bootstrap, https://github.com/verekia/js-stack-from-scratch, https://github.com/selectize/selectize.js, https://github.com/uxsolutions/bootstrap-datepicker, https://github.com/reactstrap/reactstrap, https://github.com/snapappointments/bootstrap-select, https://github.com/mdbootstrap/material-design-for-bootstrap, https://github.com/microsoft/ailab, https://github.com/microsoft/botframework-sdk, https://github.com/practical-tutorials/project-based-learning, https://github.com/azl397985856/leetcode, https://github.com/youngyangyang04/leetcode-master, https://github.com/doocs/leetcode, https://github.com/serhii-londar/open-source-mac-os-apps, https://github.com/google/flatbuffers, https://github.com/gildas-lormeau/SingleFile, https://github.com/alyssaxuu/screenity, https://github.com/AutomaApp/automa, https://github.com/electron/electron, https://github.com/microsoft/playwright, https://github.com/gildas-lormeau/SingleFile, https://github.com/google/WebFundamentals, https://github.com/kanaka/mal, https://github.com/viebel/klipse, https://github.com/trekhleb/state-of-the-art-shitcode, https://github.com/import-js/eslint-plugin-import, https://github.com/htmlhint/HTMLHint, https://github.com/ajinabraham/nodejsscan, https://github.com/houndci/hound, https://github.com/reviewboard/reviewboard, https://github.com/ryanmcdermott/code-review-tips, https://github.com/google/zx, https://github.com/webpack/webpack, https://github.com/parcel-bundler/parcel, https://github.com/babel/babel, https://github.com/evanw/esbuild, https://github.com/swc-project/swc, https://github.com/v8/v8, https://github.com/drujensen/fib, https://github.com/hanabi1224/Programming-Language-Benchmarks"
python,2877257,"https://github.com/isl-org/Open3D, https://github.com/a1studmuffin/SpaceshipGenerator, https://github.com/domlysz/BlenderGIS, https://github.com/codingforentrepreneurs/eCommerce, https://github.com/TheAlgorithms/Python, https://github.com/CyC2018/CS-Notes, https://github.com/azl397985856/leetcode, https://github.com/youngyangyang04/leetcode-master, https://github.com/donnemartin/interactive-coding-challenges, https://github.com/keon/algorithms, https://github.com/trekhleb/homemade-machine-learning, https://github.com/bregman-arie/devops-exercises, https://github.com/localstack/localstack, https://github.com/donnemartin/data-science-ipython-notebooks, https://github.com/sst/sst, https://github.com/pulumi/pulumi, https://github.com/caprover/caprover, https://github.com/phidatahq/phidata, https://github.com/milanm/DevOps-Roadmap, https://github.com/aws/chalice, https://github.com/justjavac/free-programming-books-zh_CN, https://github.com/justjavac/free-programming-books-zh_CN, https://github.com/bregman-arie/devops-exercises, https://github.com/ansible/ansible, https://github.com/ansible/awx, https://github.com/Tikam02/DevOps-Guide, https://github.com/ansible/molecule, https://github.com/fastapi/fastapi, https://github.com/httpie/cli, https://github.com/encode/django-rest-framework, https://github.com/vinta/awesome-python, https://github.com/521xueweihan/HelloGitHub, https://github.com/bregman-arie/devops-exercises, https://github.com/pulumi/pulumi, https://github.com/recommenders-team/recommenders, https://github.com/caprover/caprover, https://github.com/milanm/DevOps-Roadmap, https://github.com/prowler-cloud/prowler, https://github.com/microsoft/computervision-recipes, https://github.com/Netflix/metaflow, https://github.com/asdf-vm/asdf, https://github.com/freqtrade/freqtrade, https://github.com/HelloZeroNet/ZeroNet, https://github.com/dvf/blockchain, https://github.com/spesmilo/electrum, https://github.com/lbryio/lbry-sdk, https://github.com/jesse-ai/jesse, https://github.com/python-telegram-bot/python-telegram-bot, https://github.com/InstaPy/InstaPy, https://github.com/leon-ai/leon, https://github.com/Rapptz/discord.py, https://github.com/gunthercox/ChatterBot, https://github.com/sfyc23/EverydayWechat, https://github.com/microsoft/botframework-sdk, https://github.com/practical-tutorials/project-based-learning, https://github.com/CyC2018/CS-Notes, https://github.com/azl397985856/leetcode, https://github.com/youngyangyang04/leetcode-master, https://github.com/serhii-londar/open-source-mac-os-apps, https://github.com/kovidgoyal/kitty, https://github.com/google/flatbuffers, https://github.com/deeplearning4j/deeplearning4j, https://github.com/kanaka/mal, https://github.com/lk-geimfari/awesomo, https://github.com/viebel/klipse, https://github.com/facebook/pyre-check, https://github.com/reviewboard/reviewboard, https://github.com/bit4woo/python_sec, https://github.com/sherlock-project/sherlock, https://github.com/httpie/cli, https://github.com/tqdm/tqdm, https://github.com/google/python-fire, https://github.com/localstack/localstack, https://github.com/milanm/DevOps-Roadmap, https://github.com/buildbot/buildbot, https://github.com/gaia-pipeline/gaia, https://github.com/Flagsmith/flagsmith, https://github.com/OpenBB-finance/OpenBB, https://github.com/freqtrade/freqtrade, https://github.com/dvf/blockchain, https://github.com/lbryio/lbry-sdk, https://github.com/sammchardy/python-binance, https://github.com/jesse-ai/jesse, https://github.com/drujensen/fib"
awesome,2402298,"https://github.com/Hack-with-Github/Awesome-Hacking, https://github.com/Solido/awesome-flutter, https://github.com/wasabeef/awesome-android-ui, https://github.com/thangchung/clean-code-dotnet, https://github.com/mjebrahimi/Awesome-Microservices-DotNet, https://github.com/sindresorhus/awesome, https://github.com/vinta/awesome-python, https://github.com/awesome-selfhosted/awesome-selfhosted, https://github.com/trimstray/the-book-of-secret-knowledge, https://github.com/avelino/awesome-go, https://github.com/521xueweihan/HelloGitHub, https://github.com/papers-we-love/papers-we-love, https://github.com/Hack-with-Github/Awesome-Hacking, https://github.com/jaywcjlove/awesome-mac, https://github.com/DopplerHQ/awesome-interview-questions, https://github.com/MunGell/awesome-for-beginners, https://github.com/enaqx/awesome-react, https://github.com/fffaraz/awesome-cpp, https://github.com/binhnguyennus/awesome-scalability, https://github.com/sindresorhus/awesome-nodejs, https://github.com/prakhar1989/awesome-courses, https://github.com/Solido/awesome-flutter, https://github.com/wasabeef/awesome-android-ui, https://github.com/tiimgreen/github-cheat-sheet, https://github.com/vsouza/awesome-ios, https://github.com/thangchung/clean-code-dotnet, https://github.com/alebcay/awesome-shell, https://github.com/fffaraz/awesome-cpp, https://github.com/fffaraz/awesome-cpp, https://github.com/serhii-londar/open-source-mac-os-apps, https://github.com/lk-geimfari/awesomo, https://github.com/Kristories/awesome-guidelines, https://github.com/joho/awesome-code-review, https://github.com/alebcay/awesome-shell, https://github.com/veelenga/awesome-crystal"
hacktoberfest,2200246,"https://github.com/4ian/GDevelop, https://github.com/TheAlgorithms/Python, https://github.com/TheAlgorithms/Java, https://github.com/TheAlgorithms/JavaScript, https://github.com/TheAlgorithms/C-Plus-Plus, https://github.com/kubernetes-sigs/kubespray, https://github.com/aws/aws-cdk, https://github.com/danog/MadelineProto, https://github.com/tldr-pages/tldr, https://github.com/appwrite/appwrite, https://github.com/fastlane/fastlane, https://github.com/leonardomso/33-js-concepts, https://github.com/NativeScript/NativeScript, https://github.com/nrwl/nx, https://github.com/jhipster/generator-jhipster, https://github.com/ansible/ansible, https://github.com/kubernetes-sigs/kubespray, https://github.com/ansible/awx, https://github.com/Tikam02/DevOps-Guide, https://github.com/rundeck/rundeck, https://github.com/dev-sec/ansible-collection-hardening, https://github.com/ansible/molecule, https://github.com/hoppscotch/hoppscotch, https://github.com/strapi/strapi, https://github.com/MarlinFirmware/Marlin, https://github.com/tinygo-org/tinygo, https://github.com/SpacehuhnTech/esp8266_deauther, https://github.com/avelino/awesome-go, https://github.com/grommet/grommet, https://github.com/withfig/autocomplete, https://github.com/ajeetdsouza/zoxide, https://github.com/btcsuite/btcd, https://github.com/react-bootstrap/react-bootstrap, https://github.com/selectize/selectize.js, https://github.com/wenzhixin/bootstrap-table, https://github.com/reactstrap/reactstrap, https://github.com/python-telegram-bot/python-telegram-bot, https://github.com/discordjs/discord.js, https://github.com/pedroslopez/whatsapp-web.js, https://github.com/telegraf/telegraf, https://github.com/WerWolv/ImHex, https://github.com/ClickHouse/ClickHouse, https://github.com/TheAlgorithms/C-Plus-Plus, https://github.com/ethereum/solidity, https://github.com/git/git, https://github.com/serhii-londar/open-source-mac-os-apps, https://github.com/curl/curl, https://github.com/mpv-player/mpv, https://github.com/raysan5/raylib, https://github.com/radareorg/radare2, https://github.com/AutomaApp/automa, https://github.com/ajayyy/SponsorBlock, https://github.com/ajayyy/SponsorBlock, https://github.com/defold/defold, https://github.com/realm/SwiftLint, https://github.com/Kristories/awesome-guidelines, https://github.com/detekt/detekt, https://github.com/import-js/eslint-plugin-import, https://github.com/pylint-dev/pylint, https://github.com/phpro/grumphp, https://github.com/ohmyzsh/ohmyzsh, https://github.com/sherlock-project/sherlock, https://github.com/sharkdp/bat, https://github.com/sharkdp/fd, https://github.com/rust-lang/rust, https://github.com/markedjs/marked, https://github.com/crystal-lang/crystal, https://github.com/harness/gitness, https://github.com/jenkinsci/jenkins, https://github.com/concourse/concourse, https://github.com/Flagsmith/flagsmith, https://github.com/jenkins-x/jx, https://github.com/ovh/cds, https://github.com/iterative/cml, https://github.com/OpenBB-finance/OpenBB, https://github.com/crystal-lang/crystal, https://github.com/owasp-noir/noir"
algorithm,1957600,"https://github.com/jwasham/coding-interview-university, https://github.com/trekhleb/javascript-algorithms, https://github.com/TheAlgorithms/Python, https://github.com/CyC2018/CS-Notes, https://github.com/yangshun/tech-interview-handbook, https://github.com/krahets/hello-algo, https://github.com/kdn251/interviews, https://github.com/TheAlgorithms/Java, https://github.com/azl397985856/leetcode, https://github.com/youngyangyang04/leetcode-master, https://github.com/algorithm-visualizer/algorithm-visualizer, https://github.com/huihut/interview, https://github.com/halfrost/LeetCode-Go, https://github.com/TheAlgorithms/JavaScript, https://github.com/TheAlgorithms/C-Plus-Plus, https://github.com/donnemartin/interactive-coding-challenges, https://github.com/crossoverJie/JCSprout, https://github.com/keon/algorithms, https://github.com/mxgmn/WaveFunctionCollapse, https://github.com/trekhleb/homemade-machine-learning, https://github.com/CyC2018/CS-Notes, https://github.com/azl397985856/leetcode, https://github.com/youngyangyang04/leetcode-master, https://github.com/huihut/interview, https://github.com/TheAlgorithms/C-Plus-Plus, https://github.com/huihut/interview"
android,1728800,"https://github.com/libgdx/libgdx, https://github.com/flutter/flutter, https://github.com/facebook/react-native, https://github.com/justjavac/free-programming-books-zh_CN, https://github.com/Genymobile/scrcpy, https://github.com/Hack-with-Github/Awesome-Hacking, https://github.com/Solido/awesome-flutter, https://github.com/google/material-design-icons, https://github.com/wasabeef/awesome-android-ui, https://github.com/tldr-pages/tldr, https://github.com/square/okhttp, https://github.com/laurent22/joplin, https://github.com/android/architecture-samples, https://github.com/appwrite/appwrite, https://github.com/square/retrofit, https://github.com/skylot/jadx, https://github.com/dcloudio/uni-app, https://github.com/fastlane/fastlane, https://github.com/PhilJay/MPAndroidChart, https://github.com/shadowsocks/shadowsocks-android, https://github.com/airbnb/lottie-android, https://github.com/justjavac/free-programming-books-zh_CN, https://github.com/NativeScript/NativeScript, https://github.com/Hack-with-Github/Awesome-Hacking, https://github.com/Solido/awesome-flutter, https://github.com/wasabeef/awesome-android-ui, https://github.com/budtmo/docker-android, https://github.com/Templarian/MaterialDesign, https://github.com/Genymobile/scrcpy, https://github.com/raysan5/raylib, https://github.com/status-im/status-mobile"
awesome-list,1690398,"https://github.com/Solido/awesome-flutter, https://github.com/mjebrahimi/Awesome-Microservices-DotNet, https://github.com/sindresorhus/awesome, https://github.com/awesome-selfhosted/awesome-selfhosted, https://github.com/trimstray/the-book-of-secret-knowledge, https://github.com/avelino/awesome-go, https://github.com/jaywcjlove/awesome-mac, https://github.com/DopplerHQ/awesome-interview-questions, https://github.com/MunGell/awesome-for-beginners, https://github.com/enaqx/awesome-react, https://github.com/fffaraz/awesome-cpp, https://github.com/binhnguyennus/awesome-scalability, https://github.com/sindresorhus/awesome-nodejs, https://github.com/prakhar1989/awesome-courses, https://github.com/Solido/awesome-flutter, https://github.com/tiimgreen/github-cheat-sheet, https://github.com/alebcay/awesome-shell, https://github.com/fffaraz/awesome-cpp, https://github.com/fffaraz/awesome-cpp, https://github.com/serhii-londar/open-source-mac-os-apps, https://github.com/analysis-tools-dev/static-analysis, https://github.com/Kristories/awesome-guidelines, https://github.com/joho/awesome-code-review, https://github.com/alebcay/awesome-shell, https://github.com/veelenga/awesome-crystal"
interview,1685500,"https://github.com/jwasham/coding-interview-university, https://github.com/trekhleb/javascript-algorithms, https://github.com/TheAlgorithms/Python, https://github.com/CyC2018/CS-Notes, https://github.com/kdn251/interviews, https://github.com/azl397985856/leetcode, https://github.com/youngyangyang04/leetcode-master, https://github.com/huihut/interview, https://github.com/donnemartin/interactive-coding-challenges, https://github.com/bregman-arie/devops-exercises, https://github.com/bregman-arie/devops-exercises, https://github.com/Tikam02/DevOps-Guide, https://github.com/binhnguyennus/awesome-scalability, https://github.com/bregman-arie/devops-exercises, https://github.com/CyC2018/CS-Notes, https://github.com/azl397985856/leetcode, https://github.com/youngyangyang04/leetcode-master, https://github.com/huihut/interview, https://github.com/huihut/interview"
cpp,1611355,"https://github.com/ssloy/tinyrenderer, https://github.com/isl-org/Open3D, https://github.com/CyC2018/CS-Notes, https://github.com/azl397985856/leetcode, https://github.com/youngyangyang04/leetcode-master, https://github.com/huihut/interview, https://github.com/TheAlgorithms/C-Plus-Plus, https://github.com/fffaraz/awesome-cpp, https://github.com/practical-tutorials/project-based-learning, https://github.com/CyC2018/CS-Notes, https://github.com/fffaraz/awesome-cpp, https://github.com/azl397985856/leetcode, https://github.com/youngyangyang04/leetcode-master, https://github.com/x64dbg/x64dbg, https://github.com/WerWolv/ImHex, https://github.com/Light-City/CPlusPlusThings, https://github.com/ClickHouse/ClickHouse, https://github.com/huihut/interview, https://github.com/carbon-language/carbon-lang, https://github.com/CMU-Perceptual-Computing-Lab/openpose, https://github.com/doocs/leetcode, https://github.com/TheAlgorithms/C-Plus-Plus, https://github.com/microsoft/calculator, https://github.com/aseprite/aseprite, https://github.com/dragonflydb/dragonfly, https://github.com/changkun/modern-cpp-tutorial, https://github.com/gabime/spdlog, https://github.com/ethereum/solidity, https://github.com/fffaraz/awesome-cpp, https://github.com/huihut/interview, https://github.com/microsoft/vcpkg, https://github.com/facebook/infer, https://github.com/federico-busato/Modern-CPP-Programming, https://github.com/carbon-language/carbon-lang, https://github.com/TheLartians/ModernCppStarter, https://github.com/drujensen/fib"
react,1430500,"https://github.com/pmndrs/react-three-fiber, https://github.com/olifolkerd/tabulator, https://github.com/facebook/react-native, https://github.com/justjavac/free-programming-books-zh_CN, https://github.com/appwrite/appwrite, https://github.com/justjavac/free-programming-books-zh_CN, https://github.com/storybookjs/storybook, https://github.com/leonardomso/33-js-concepts, https://github.com/ionic-team/ionic-framework, https://github.com/Asabeneh/30-Days-Of-JavaScript, https://github.com/SheetJS/sheetjs, https://github.com/wailsapp/wails, https://github.com/NativeScript/NativeScript, https://github.com/goldbergyoni/javascript-testing-best-practices, https://github.com/sudheerj/javascript-interview-questions, https://github.com/nrwl/nx, https://github.com/jhipster/generator-jhipster, https://github.com/teambit/bit, https://github.com/sweetalert2/sweetalert2, https://github.com/QuivrHQ/quivr, https://github.com/trpc/trpc, https://github.com/enaqx/awesome-react, https://github.com/midwayjs/midway, https://github.com/nylas/nylas-mail, https://github.com/electron-react-boilerplate/electron-react-boilerplate, https://github.com/grab/front-end-guide, https://github.com/grommet/grommet, https://github.com/ben-rogerson/twin.macro, https://github.com/insin/nwb, https://github.com/egoist/poi, https://github.com/duxianwei520/react, https://github.com/react-bootstrap/react-bootstrap, https://github.com/verekia/js-stack-from-scratch, https://github.com/reactstrap/reactstrap, https://github.com/crimx/ext-saladict, https://github.com/chathub-dev/chathub, https://github.com/casesandberg/react-color, https://github.com/crimx/ext-saladict, https://github.com/reagent-project/reagent, https://github.com/viebel/klipse, https://github.com/houndci/hound, https://github.com/vercel/next.js, https://github.com/gatsbyjs/gatsby, https://github.com/evanw/esbuild, https://github.com/Flagsmith/flagsmith"
api,1327596,"https://github.com/public-apis/public-apis, https://github.com/neovim/neovim, https://github.com/fastapi/fastapi, https://github.com/hoppscotch/hoppscotch, https://github.com/strapi/strapi, https://github.com/ocornut/imgui, https://github.com/slatedocs/slate, https://github.com/QuivrHQ/quivr, https://github.com/Kong/insomnia, https://github.com/trpc/trpc, https://github.com/httpie/cli, https://github.com/ccxt/ccxt, https://github.com/hasura/graphql-engine, https://github.com/Binaryify/NeteaseCloudMusicApi, https://github.com/encode/django-rest-framework, https://github.com/YMFE/yapi, https://github.com/directus/directus, https://github.com/littlecodersh/ItChat, https://github.com/PostgREST/postgrest, https://github.com/mudler/LocalAI, https://github.com/bitwarden/server, https://github.com/ccxt/ccxt, https://github.com/ccxt/ccxt, https://github.com/pedroslopez/whatsapp-web.js, https://github.com/yagop/node-telegram-bot-api, https://github.com/neovim/neovim, https://github.com/httpie/cli, https://github.com/ccxt/ccxt, https://github.com/sammchardy/python-binance, https://github.com/kemalcr/kemal"
computer-science,1300000,"https://github.com/jwasham/coding-interview-university, https://github.com/trekhleb/javascript-algorithms, https://github.com/CyC2018/CS-Notes, https://github.com/azl397985856/leetcode, https://github.com/TheAlgorithms/C-Plus-Plus, https://github.com/ByteByteGoHq/system-design-101, https://github.com/milanm/DevOps-Roadmap, https://github.com/papers-we-love/papers-we-love, https://github.com/binhnguyennus/awesome-scalability, https://github.com/prakhar1989/awesome-courses, https://github.com/milanm/DevOps-Roadmap, https://github.com/CyC2018/CS-Notes, https://github.com/azl397985856/leetcode, https://github.com/TheAlgorithms/C-Plus-Plus, https://github.com/milanm/DevOps-Roadmap"
cli,1283398,"https://github.com/angular/angular-cli, https://github.com/nrwl/nx, https://github.com/httpie/cli, https://github.com/arduino/arduino-cli, https://github.com/junegunn/fzf, https://github.com/google/zx, https://github.com/alebcay/awesome-shell, https://github.com/withfig/autocomplete, https://github.com/asdf-vm/asdf, https://github.com/ajeetdsouza/zoxide, https://github.com/gildas-lormeau/SingleFile, https://github.com/gildas-lormeau/SingleFile, https://github.com/reviewdog/reviewdog, https://github.com/reviewdog/reviewdog, https://github.com/ohmyzsh/ohmyzsh, https://github.com/junegunn/fzf, https://github.com/sherlock-project/sherlock, https://github.com/jesseduffield/lazygit, https://github.com/sharkdp/bat, https://github.com/BurntSushi/ripgrep, https://github.com/wagoodman/dive, https://github.com/n8n-io/n8n, https://github.com/google/zx, https://github.com/chubin/cheat.sh, https://github.com/spf13/cobra, https://github.com/cli/cli, https://github.com/httpie/cli, https://github.com/sharkdp/fd, https://github.com/alebcay/awesome-shell, https://github.com/ibraheemdev/modern-unix, https://github.com/tqdm/tqdm, https://github.com/acheong08/ChatGPT, https://github.com/google/python-fire, https://github.com/angular/angular-cli, https://github.com/vercel/pkg, https://github.com/iterative/cml, https://github.com/amberframework/amber"
c,1181200,"https://github.com/huihut/interview, https://github.com/Genymobile/scrcpy, https://github.com/neovim/neovim, https://github.com/fffaraz/awesome-cpp, https://github.com/fffaraz/awesome-cpp, https://github.com/huihut/interview, https://github.com/Genymobile/scrcpy, https://github.com/neovim/neovim, https://github.com/obsproject/obs-studio, https://github.com/fffaraz/awesome-cpp, https://github.com/git/git, https://github.com/FFmpeg/FFmpeg, https://github.com/serhii-londar/open-source-mac-os-apps, https://github.com/vim/vim, https://github.com/curl/curl, https://github.com/huihut/interview, https://github.com/mpv-player/mpv, https://github.com/ggreer/the_silver_searcher, https://github.com/ossrs/srs, https://github.com/kovidgoyal/kitty, https://github.com/google/flatbuffers, https://github.com/microsoft/vcpkg, https://github.com/ruby/ruby, https://github.com/raysan5/raylib, https://github.com/hashcat/hashcat, https://github.com/radareorg/radare2, https://github.com/kanaka/mal, https://github.com/facebook/infer, https://github.com/TheLartians/ModernCppStarter"
java,1122727,"https://github.com/libgdx/libgdx, https://github.com/CyC2018/CS-Notes, https://github.com/kdn251/interviews, https://github.com/TheAlgorithms/Java, https://github.com/azl397985856/leetcode, https://github.com/youngyangyang04/leetcode-master, https://github.com/crossoverJie/JCSprout, https://github.com/apereo/cas, https://github.com/square/okhttp, https://github.com/square/retrofit, https://github.com/skylot/jadx, https://github.com/PhilJay/MPAndroidChart, https://github.com/NativeScript/NativeScript, https://github.com/jhipster/generator-jhipster, https://github.com/rundeck/rundeck, https://github.com/microsoft/botframework-sdk, https://github.com/CyC2018/CS-Notes, https://github.com/azl397985856/leetcode, https://github.com/youngyangyang04/leetcode-master, https://github.com/doocs/leetcode, https://github.com/google/flatbuffers, https://github.com/deeplearning4j/deeplearning4j, https://github.com/kanaka/mal, https://github.com/izhangzhihao/intellij-rainbow-brackets, https://github.com/facebook/infer, https://github.com/checkstyle/checkstyle, https://github.com/pmd/pmd, https://github.com/code-review-checklists/java-concurrency, https://github.com/oracle/graal, https://github.com/jenkinsci/jenkins, https://github.com/gaia-pipeline/gaia, https://github.com/hanabi1224/Programming-Language-Benchmarks"
algorithms,1113400,"https://github.com/jwasham/coding-interview-university, https://github.com/trekhleb/javascript-algorithms, https://github.com/yangshun/tech-interview-handbook, https://github.com/krahets/hello-algo, https://github.com/kdn251/interviews, https://github.com/TheAlgorithms/Java, https://github.com/azl397985856/leetcode, https://github.com/halfrost/LeetCode-Go, https://github.com/TheAlgorithms/JavaScript, https://github.com/TheAlgorithms/C-Plus-Plus, https://github.com/keon/algorithms, https://github.com/microsoft/ailab, https://github.com/azl397985856/leetcode, https://github.com/doocs/leetcode, https://github.com/TheAlgorithms/C-Plus-Plus"
resources,1108400,"https://github.com/Solido/awesome-flutter, https://github.com/public-apis/public-apis, https://github.com/sindresorhus/awesome, https://github.com/trimstray/the-book-of-secret-knowledge, https://github.com/fffaraz/awesome-cpp, https://github.com/binhnguyennus/awesome-scalability, https://github.com/Solido/awesome-flutter, https://github.com/fffaraz/awesome-cpp, https://github.com/fffaraz/awesome-cpp"
typescript,1108327,"https://github.com/BabylonJS/Babylon.js, https://github.com/elbywan/wretch, https://github.com/k8w/tsrpc, https://github.com/sst/sst, https://github.com/pulumi/pulumi, https://github.com/aws/aws-cdk, https://github.com/angular/angular, https://github.com/storybookjs/storybook, https://github.com/ionic-team/ionic-framework, https://github.com/prettier/prettier, https://github.com/Asabeneh/30-Days-Of-JavaScript, https://github.com/angular/angular-cli, https://github.com/NativeScript/NativeScript, https://github.com/nrwl/nx, https://github.com/teambit/bit, https://github.com/strapi/strapi, https://github.com/QuivrHQ/quivr, https://github.com/trpc/trpc, https://github.com/directus/directus, https://github.com/RicoSuter/NSwag, https://github.com/serenity-is/Serenity, https://github.com/enaqx/awesome-react, https://github.com/pulumi/pulumi, https://github.com/microsoft/azuredatastudio, https://github.com/midwayjs/midway, https://github.com/swc-project/swc, https://github.com/electron-react-boilerplate/electron-react-boilerplate, https://github.com/ast-grep/ast-grep, https://github.com/angular-fullstack/generator-angular-fullstack, https://github.com/thinkjs/thinkjs, https://github.com/egoist/poi, https://github.com/withfig/autocomplete, https://github.com/react-bootstrap/react-bootstrap, https://github.com/microsoft/botframework-sdk, https://github.com/google/flatbuffers, https://github.com/crimx/ext-saladict, https://github.com/chathub-dev/chathub, https://github.com/PlasmoHQ/plasmo, https://github.com/crimx/ext-saladict, https://github.com/lk-geimfari/awesomo, https://github.com/n8n-io/n8n, https://github.com/angular/angular-cli, https://github.com/evanw/esbuild, https://github.com/swc-project/swc, https://github.com/hanabi1224/Programming-Language-Benchmarks"
compiler,1062298,"https://github.com/babel/babel, https://github.com/swc-project/swc, https://github.com/carbon-language/carbon-lang, https://github.com/vercel/next.js, https://github.com/rust-lang/rust, https://github.com/sveltejs/svelte, https://github.com/webpack/webpack, https://github.com/FuelLabs/sway, https://github.com/gatsbyjs/gatsby, https://github.com/JetBrains/kotlin, https://github.com/parcel-bundler/parcel, https://github.com/babel/babel, https://github.com/evanw/esbuild, https://github.com/vlang/v, https://github.com/ziglang/zig, https://github.com/markedjs/marked, https://github.com/carbon-language/carbon-lang, https://github.com/typst/typst, https://github.com/swc-project/swc, https://github.com/vercel/pkg, https://github.com/v8/v8, https://github.com/oracle/graal, https://github.com/crystal-lang/crystal, https://github.com/crystal-lang/crystal"
lists,1033500,"https://github.com/public-apis/public-apis, https://github.com/sindresorhus/awesome, https://github.com/trimstray/the-book-of-secret-knowledge, https://github.com/fffaraz/awesome-cpp, https://github.com/binhnguyennus/awesome-scalability, https://github.com/fffaraz/awesome-cpp, https://github.com/fffaraz/awesome-cpp, https://github.com/ibraheemdev/modern-unix"
ios,1017000,"https://github.com/libgdx/libgdx, https://github.com/flutter/flutter, https://github.com/facebook/react-native, https://github.com/justjavac/free-programming-books-zh_CN, https://github.com/Solido/awesome-flutter, https://github.com/google/material-design-icons, https://github.com/appwrite/appwrite, https://github.com/dcloudio/uni-app, https://github.com/fastlane/fastlane, https://github.com/justjavac/free-programming-books-zh_CN, https://github.com/ionic-team/ionic-framework, https://github.com/SheetJS/sheetjs, https://github.com/NativeScript/NativeScript, https://github.com/Solido/awesome-flutter, https://github.com/vsouza/awesome-ios, https://github.com/FiloSottile/mkcert, https://github.com/status-im/status-mobile, https://github.com/xcpretty/xcpretty"
bash,1006898,"https://github.com/jlevy/the-art-of-command-line, https://github.com/nvm-sh/nvm, https://github.com/junegunn/fzf, https://github.com/starship/starship, https://github.com/google/zx, https://github.com/LeCoupa/awesome-cheatsheets, https://github.com/acmesh-official/acme.sh, https://github.com/dylanaraps/pure-bash-bible, https://github.com/koalaman/shellcheck, https://github.com/alebcay/awesome-shell, https://github.com/jaywcjlove/linux-command, https://github.com/mathiasbynens/dotfiles, https://github.com/withfig/autocomplete, https://github.com/kingToolbox/WindTerm, https://github.com/dylanaraps/neofetch, https://github.com/asdf-vm/asdf, https://github.com/ajeetdsouza/zoxide, https://github.com/warpdotdev/Warp, https://github.com/atuinsh/atuin, https://github.com/Nyr/openvpn-install, https://github.com/jaywcjlove/linux-command, https://github.com/jaywcjlove/linux-command, https://github.com/kanaka/mal, https://github.com/babashka/babashka, https://github.com/junegunn/fzf, https://github.com/google/zx, https://github.com/alebcay/awesome-shell"
angular,972800,"https://github.com/justjavac/free-programming-books-zh_CN, https://github.com/justjavac/free-programming-books-zh_CN, https://github.com/angular/angular, https://github.com/storybookjs/storybook, https://github.com/leonardomso/33-js-concepts, https://github.com/ionic-team/ionic-framework, https://github.com/prettier/prettier, https://github.com/Asabeneh/30-Days-Of-JavaScript, https://github.com/SheetJS/sheetjs, https://github.com/angular/angular-cli, https://github.com/angular/components, https://github.com/wailsapp/wails, https://github.com/NativeScript/NativeScript, https://github.com/goldbergyoni/javascript-testing-best-practices, https://github.com/sudheerj/javascript-interview-questions, https://github.com/nrwl/nx, https://github.com/jhipster/generator-jhipster, https://github.com/pubkey/rxdb, https://github.com/paperless-ngx/paperless-ngx, https://github.com/teambit/bit, https://github.com/sweetalert2/sweetalert2, https://github.com/abpframework/abp, https://github.com/RicoSuter/NSwag, https://github.com/TrilonIO/aspnetcore-angular-universal, https://github.com/angular-fullstack/generator-angular-fullstack, https://github.com/ng-bootstrap/ng-bootstrap, https://github.com/angular/angular-cli, https://github.com/Strider-CD/strider"
data-structures,943300,"https://github.com/jwasham/coding-interview-university, https://github.com/trekhleb/javascript-algorithms, https://github.com/krahets/hello-algo, https://github.com/TheAlgorithms/Java, https://github.com/azl397985856/leetcode, https://github.com/huihut/interview, https://github.com/TheAlgorithms/JavaScript, https://github.com/TheAlgorithms/C-Plus-Plus, https://github.com/azl397985856/leetcode, https://github.com/huihut/interview, https://github.com/TheAlgorithms/C-Plus-Plus, https://github.com/huihut/interview"
linux,941100,"https://github.com/libgdx/libgdx, https://github.com/FreeCAD/FreeCAD, https://github.com/bregman-arie/devops-exercises, https://github.com/milanm/DevOps-Roadmap, https://github.com/tldr-pages/tldr, https://github.com/wailsapp/wails, https://github.com/bregman-arie/devops-exercises, https://github.com/netbootxyz/netboot.xyz, https://github.com/Tikam02/DevOps-Guide, https://github.com/dev-sec/ansible-collection-hardening, https://github.com/trimstray/the-book-of-secret-knowledge, https://github.com/bregman-arie/devops-exercises, https://github.com/milanm/DevOps-Roadmap, https://github.com/nylas/nylas-mail, https://github.com/jlevy/the-art-of-command-line, https://github.com/jaywcjlove/linux-command, https://github.com/kingToolbox/WindTerm, https://github.com/warpdotdev/Warp, https://github.com/raysan5/raylib, https://github.com/jaywcjlove/linux-command, https://github.com/FiloSottile/mkcert, https://github.com/jaywcjlove/linux-command, https://github.com/sherlock-project/sherlock, https://github.com/milanm/DevOps-Roadmap"
list,919898,"https://github.com/olifolkerd/tabulator, https://github.com/public-apis/public-apis, https://github.com/jaywcjlove/awesome-mac, https://github.com/DopplerHQ/awesome-interview-questions, https://github.com/MunGell/awesome-for-beginners, https://github.com/fffaraz/awesome-cpp, https://github.com/sindresorhus/awesome-nodejs, https://github.com/tiimgreen/github-cheat-sheet, https://github.com/dylanaraps/pure-bash-bible, https://github.com/alebcay/awesome-shell, https://github.com/fffaraz/awesome-cpp, https://github.com/fffaraz/awesome-cpp, https://github.com/lk-geimfari/awesomo, https://github.com/alebcay/awesome-shell, https://github.com/veelenga/awesome-crystal"
leetcode,878300,"https://github.com/CyC2018/CS-Notes, https://github.com/krahets/hello-algo, https://github.com/kdn251/interviews, https://github.com/azl397985856/leetcode, https://github.com/youngyangyang04/leetcode-master, https://github.com/huihut/interview, https://github.com/halfrost/LeetCode-Go, https://github.com/CyC2018/CS-Notes, https://github.com/azl397985856/leetcode, https://github.com/youngyangyang04/leetcode-master, https://github.com/huihut/interview, https://github.com/doocs/leetcode, https://github.com/huihut/interview"
nodejs,858000,"https://github.com/elbywan/wretch, https://github.com/k8w/tsrpc, https://github.com/caprover/caprover, https://github.com/laurent22/joplin, https://github.com/leonardomso/33-js-concepts, https://github.com/Asabeneh/30-Days-Of-JavaScript, https://github.com/SheetJS/sheetjs, https://github.com/goldbergyoni/javascript-testing-best-practices, https://github.com/nrwl/nx, https://github.com/pubkey/rxdb, https://github.com/strapi/strapi, https://github.com/Binaryify/NeteaseCloudMusicApi, https://github.com/sindresorhus/awesome-nodejs, https://github.com/caprover/caprover, https://github.com/nvm-sh/nvm, https://github.com/google/zx, https://github.com/LeCoupa/awesome-cheatsheets, https://github.com/bitcoinjs/bitcoinjs-lib, https://github.com/discordjs/discord.js, https://github.com/leon-ai/leon, https://github.com/yagop/node-telegram-bot-api, https://github.com/microsoft/botframework-sdk, https://github.com/electron/electron, https://github.com/ajinabraham/nodejsscan, https://github.com/google/zx, https://github.com/vercel/pkg, https://github.com/auchenberg/volkswagen, https://github.com/Strider-CD/strider"
web,854002,"https://github.com/flutter/flutter, https://github.com/google/material-design-icons, https://github.com/appwrite/appwrite, https://github.com/angular/angular, https://github.com/ionic-team/ionic-framework, https://github.com/fastapi/fastapi, https://github.com/httpie/cli, https://github.com/midwayjs/midway, https://github.com/HelloZeroNet/ZeroNet, https://github.com/puppeteer/puppeteer, https://github.com/microsoft/playwright, https://github.com/google/WebFundamentals, https://github.com/ring-clojure/ring, https://github.com/httpie/cli, https://github.com/webpack/webpack, https://github.com/parcel-bundler/parcel, https://github.com/luckyframework/lucky, https://github.com/amberframework/amber, https://github.com/martenframework/marten"
interview-preparation,829500,"https://github.com/jwasham/coding-interview-university, https://github.com/trekhleb/javascript-algorithms, https://github.com/yangshun/tech-interview-handbook, https://github.com/kdn251/interviews, https://github.com/huihut/interview, https://github.com/TheAlgorithms/C-Plus-Plus, https://github.com/huihut/interview, https://github.com/TheAlgorithms/C-Plus-Plus, https://github.com/huihut/interview"
aws,811100,"https://github.com/bregman-arie/devops-exercises, https://github.com/ByteByteGoHq/system-design-101, https://github.com/localstack/localstack, https://github.com/serverless/serverless, https://github.com/donnemartin/data-science-ipython-notebooks, https://github.com/sst/sst, https://github.com/pulumi/pulumi, https://github.com/getsops/sops, https://github.com/kubernetes-sigs/kubespray, https://github.com/aws/aws-cli, https://github.com/ramitsurana/awesome-kubernetes, https://github.com/caprover/caprover, https://github.com/donnemartin/awesome-aws, https://github.com/GoogleCloudPlatform/terraformer, https://github.com/aws/aws-cdk, https://github.com/phidatahq/phidata, https://github.com/milanm/DevOps-Roadmap, https://github.com/apereo/cas, https://github.com/infracost/infracost, https://github.com/aws/chalice, https://github.com/bregman-arie/devops-exercises, https://github.com/kubernetes-sigs/kubespray, https://github.com/geerlingguy/ansible-for-devops, https://github.com/bregman-arie/devops-exercises, https://github.com/pulumi/pulumi, https://github.com/getsops/sops, https://github.com/ramitsurana/awesome-kubernetes, https://github.com/caprover/caprover, https://github.com/milanm/DevOps-Roadmap, https://github.com/infracost/infracost, https://github.com/prowler-cloud/prowler, https://github.com/google/go-cloud, https://github.com/budtmo/docker-android, https://github.com/Netflix/metaflow, https://github.com/midwayjs/midway, https://github.com/localstack/localstack, https://github.com/milanm/DevOps-Roadmap"
shell,791298,"https://github.com/tldr-pages/tldr, https://github.com/nvm-sh/nvm, https://github.com/google/zx, https://github.com/acmesh-official/acme.sh, https://github.com/dylanaraps/pure-bash-bible, https://github.com/koalaman/shellcheck, https://github.com/alebcay/awesome-shell, https://github.com/withfig/autocomplete, https://github.com/kingToolbox/WindTerm, https://github.com/asdf-vm/asdf, https://github.com/ajeetdsouza/zoxide, https://github.com/warpdotdev/Warp, https://github.com/atuinsh/atuin, https://github.com/Nyr/openvpn-install, https://github.com/git/git, https://github.com/ohmyzsh/ohmyzsh, https://github.com/google/zx, https://github.com/alebcay/awesome-shell, https://github.com/ibraheemdev/modern-unix"
interview-questions,788300,"https://github.com/yangshun/tech-interview-handbook, https://github.com/kdn251/interviews, https://github.com/huihut/interview, https://github.com/halfrost/LeetCode-Go, https://github.com/TheAlgorithms/C-Plus-Plus, https://github.com/donnemartin/interactive-coding-challenges, https://github.com/bregman-arie/devops-exercises, https://github.com/ByteByteGoHq/system-design-101, https://github.com/bregman-arie/devops-exercises, https://github.com/DopplerHQ/awesome-interview-questions, https://github.com/binhnguyennus/awesome-scalability, https://github.com/bregman-arie/devops-exercises, https://github.com/huihut/interview, https://github.com/TheAlgorithms/C-Plus-Plus, https://github.com/huihut/interview"
vue,782027,"https://github.com/ljianshu/Blog, https://github.com/justjavac/free-programming-books-zh_CN, https://github.com/dcloudio/uni-app, https://github.com/justjavac/free-programming-books-zh_CN, https://github.com/storybookjs/storybook, https://github.com/ionic-team/ionic-framework, https://github.com/prettier/prettier, https://github.com/Asabeneh/30-Days-Of-JavaScript, https://github.com/SheetJS/sheetjs, https://github.com/NativeScript/NativeScript, https://github.com/teambit/bit, https://github.com/sweetalert2/sweetalert2, https://github.com/hoppscotch/hoppscotch, https://github.com/directus/directus, https://github.com/TrilonIO/aspnetcore-Vue-starter, https://github.com/midwayjs/midway, https://github.com/SimulatedGREG/electron-vue, https://github.com/thx/gogocode, https://github.com/egoist/poi, https://github.com/bootstrap-vue/bootstrap-vue, https://github.com/wenzhixin/bootstrap-table, https://github.com/checkly/headless-recorder, https://github.com/AutomaApp/automa, https://github.com/checkly/headless-recorder, https://github.com/hanabi1224/Programming-Language-Benchmarks"
chrome,766800,"https://github.com/jaywcjlove/linux-command, https://github.com/iamadamdev/bypass-paywalls-chrome, https://github.com/jaywcjlove/linux-command, https://github.com/checkly/headless-recorder, https://github.com/gildas-lormeau/SingleFile, https://github.com/crimx/ext-saladict, https://github.com/ajayyy/SponsorBlock, https://github.com/electron/electron, https://github.com/puppeteer/puppeteer, https://github.com/microsoft/playwright, https://github.com/iamadamdev/bypass-paywalls-chrome, https://github.com/FiloSottile/mkcert, https://github.com/jaywcjlove/linux-command, https://github.com/ovity/octotree, https://github.com/segment-boneyard/nightmare, https://github.com/checkly/headless-recorder, https://github.com/GoogleChrome/chrome-extensions-samples, https://github.com/gildas-lormeau/SingleFile, https://github.com/google/WebFundamentals, https://github.com/schickling/chromeless, https://github.com/casesandberg/react-color, https://github.com/crimx/ext-saladict, https://github.com/MetaMask/metamask-extension, https://github.com/chromedp/chromedp, https://github.com/moonD4rk/HackBrowserData, https://github.com/ajayyy/SponsorBlock, https://github.com/ultrafunkamsterdam/undetected-chromedriver, https://github.com/ovity/octotree"
c-plus-plus,738400,"https://github.com/ssloy/tinyrenderer, https://github.com/4ian/GDevelop, https://github.com/bblanchon/ArduinoJson, https://github.com/fffaraz/awesome-cpp, https://github.com/bitcoin/bitcoin, https://github.com/fffaraz/awesome-cpp, https://github.com/WerWolv/ImHex, https://github.com/aseprite/aseprite, https://github.com/obsproject/obs-studio, https://github.com/fffaraz/awesome-cpp, https://github.com/serhii-londar/open-source-mac-os-apps, https://github.com/ossrs/srs, https://github.com/google/flatbuffers, https://github.com/electron/electron, https://github.com/kanaka/mal, https://github.com/defold/defold, https://github.com/federico-busato/Modern-CPP-Programming, https://github.com/bitcoin/bitcoin, https://github.com/monero-project/monero, https://github.com/kroma-network/tachyon"
html,698400,"https://github.com/aframevr/aframe, https://github.com/loadingio/css-spinner, https://github.com/storybookjs/storybook, https://github.com/prettier/prettier, https://github.com/Asabeneh/30-Days-Of-JavaScript, https://github.com/SheetJS/sheetjs, https://github.com/QuivrHQ/quivr, https://github.com/twbs/bootstrap, https://github.com/tabler/tabler, https://github.com/mdbootstrap/mdb-ui-kit, https://github.com/ColorlibHQ/gentelella, https://github.com/StartBootstrap/startbootstrap-sb-admin-2, https://github.com/electron/electron, https://github.com/google/WebFundamentals, https://github.com/htmlhint/HTMLHint, https://github.com/parcel-bundler/parcel"
devops,676200,"https://github.com/bregman-arie/devops-exercises, https://github.com/getsops/sops, https://github.com/milanm/DevOps-Roadmap, https://github.com/infracost/infracost, https://github.com/bregman-arie/devops-exercises, https://github.com/MichaelCade/90DaysOfDevOps, https://github.com/semaphoreui/semaphore, https://github.com/geerlingguy/ansible-for-devops, https://github.com/khuedoan/homelab, https://github.com/Tikam02/DevOps-Guide, https://github.com/rundeck/rundeck, https://github.com/httpie/cli, https://github.com/trimstray/the-book-of-secret-knowledge, https://github.com/binhnguyennus/awesome-scalability, https://github.com/bregman-arie/devops-exercises, https://github.com/getsops/sops, https://github.com/milanm/DevOps-Roadmap, https://github.com/infracost/infracost, https://github.com/httpie/cli, https://github.com/jenkinsci/jenkins, https://github.com/milanm/DevOps-Roadmap, https://github.com/dagger/dagger, https://github.com/openshift/origin, https://github.com/gaia-pipeline/gaia, https://github.com/jenkins-x/jx, https://github.com/ovh/cds, https://github.com/werf/werf, https://github.com/vitobotta/hetzner-k3s"
windows,675800,"https://github.com/libgdx/libgdx, https://github.com/FreeCAD/FreeCAD, https://github.com/flutter/flutter, https://github.com/tldr-pages/tldr, https://github.com/wailsapp/wails, https://github.com/nylas/nylas-mail, https://github.com/jlevy/the-art-of-command-line, https://github.com/kingToolbox/WindTerm, https://github.com/x64dbg/x64dbg, https://github.com/WerWolv/ImHex, https://github.com/microsoft/calculator, https://github.com/microsoft/vcpkg, https://github.com/FiloSottile/mkcert, https://github.com/moonD4rk/HackBrowserData"
docker,673000,"https://github.com/joaomilho/Enterprise, https://github.com/bregman-arie/devops-exercises, https://github.com/ramitsurana/awesome-kubernetes, https://github.com/caprover/caprover, https://github.com/milanm/DevOps-Roadmap, https://github.com/appwrite/appwrite, https://github.com/jhipster/generator-jhipster, https://github.com/bregman-arie/devops-exercises, https://github.com/easzlab/kubeasz, https://github.com/semaphoreui/semaphore, https://github.com/netbootxyz/netboot.xyz, https://github.com/geerlingguy/ansible-for-devops, https://github.com/khuedoan/homelab, https://github.com/Tikam02/DevOps-Guide, https://github.com/KubeOperator/KubeOperator, https://github.com/ChristianLempa/boilerplates, https://github.com/QuivrHQ/quivr, https://github.com/bitwarden/server, https://github.com/bregman-arie/devops-exercises, https://github.com/ramitsurana/awesome-kubernetes, https://github.com/caprover/caprover, https://github.com/milanm/DevOps-Roadmap, https://github.com/budtmo/docker-android, https://github.com/LeCoupa/awesome-cheatsheets, https://github.com/getumbrel/umbrel, https://github.com/kanaka/mal, https://github.com/codeclimate/codeclimate, https://github.com/wagoodman/dive, https://github.com/n8n-io/n8n, https://github.com/harness/gitness, https://github.com/milanm/DevOps-Roadmap, https://github.com/dagger/dagger, https://github.com/Flagsmith/flagsmith, https://github.com/werf/werf, https://github.com/vitobotta/hetzner-k3s"
go,672384,"https://github.com/youngyangyang04/leetcode-master, https://github.com/halfrost/LeetCode-Go, https://github.com/pulumi/pulumi, https://github.com/milanm/DevOps-Roadmap, https://github.com/wailsapp/wails, https://github.com/hybridgroup/gobot, https://github.com/omriharel/deej, https://github.com/avelino/awesome-go, https://github.com/pulumi/pulumi, https://github.com/milanm/DevOps-Roadmap, https://github.com/google/go-cloud, https://github.com/junegunn/fzf, https://github.com/youngyangyang04/leetcode-master, https://github.com/kovidgoyal/kitty, https://github.com/google/flatbuffers, https://github.com/reviewdog/reviewdog, https://github.com/reviewdog/reviewdog, https://github.com/junegunn/fzf, https://github.com/spf13/cobra, https://github.com/harness/gitness, https://github.com/milanm/DevOps-Roadmap, https://github.com/openshift/origin, https://github.com/concourse/concourse, https://github.com/gaia-pipeline/gaia, https://github.com/cosmos/cosmos-sdk, https://github.com/tendermint/tendermint, https://github.com/drujensen/fib, https://github.com/hanabi1224/Programming-Language-Benchmarks"
macos,669400,"https://github.com/flutter/flutter, https://github.com/tldr-pages/tldr, https://github.com/wailsapp/wails, https://github.com/geerlingguy/mac-dev-playbook, https://github.com/jaywcjlove/awesome-mac, https://github.com/nylas/nylas-mail, https://github.com/jlevy/the-art-of-command-line, https://github.com/mathiasbynens/dotfiles, https://github.com/withfig/autocomplete, https://github.com/warpdotdev/Warp, https://github.com/serhii-londar/open-source-mac-os-apps, https://github.com/FiloSottile/mkcert, https://github.com/moonD4rk/HackBrowserData"
golang,660327,"https://github.com/halfrost/LeetCode-Go, https://github.com/sst/sst, https://github.com/pulumi/pulumi, https://github.com/GoogleCloudPlatform/terraformer, https://github.com/wailsapp/wails, https://github.com/omriharel/deej, https://github.com/arduino/arduino-cli, https://github.com/avelino/awesome-go, https://github.com/pulumi/pulumi, https://github.com/google/go-cloud, https://github.com/asdf-vm/asdf, https://github.com/practical-tutorials/project-based-learning, https://github.com/doocs/leetcode, https://github.com/kovidgoyal/kitty, https://github.com/chromedp/chromedp, https://github.com/moonD4rk/HackBrowserData, https://github.com/spf13/cobra, https://github.com/cli/cli, https://github.com/jenkins-x/jx, https://github.com/ovh/cds, https://github.com/werf/werf, https://github.com/cosmos/cosmos-sdk, https://github.com/hanabi1224/Programming-Language-Benchmarks"
programming,631900,"https://github.com/krahets/hello-algo, https://github.com/donnemartin/interactive-coding-challenges, https://github.com/justjavac/free-programming-books-zh_CN, https://github.com/justjavac/free-programming-books-zh_CN, https://github.com/leonardomso/33-js-concepts, https://github.com/Asabeneh/30-Days-Of-JavaScript, https://github.com/papers-we-love/papers-we-love, https://github.com/binhnguyennus/awesome-scalability, https://github.com/raysan5/raylib, https://github.com/federico-busato/Modern-CPP-Programming, https://github.com/trekhleb/state-of-the-art-shitcode"
css,616000,"https://github.com/ljianshu/Blog, https://github.com/loadingio/css-spinner, https://github.com/prettier/prettier, https://github.com/Asabeneh/30-Days-Of-JavaScript, https://github.com/grab/front-end-guide, https://github.com/twbs/bootstrap, https://github.com/tabler/tabler, https://github.com/mdbootstrap/mdb-ui-kit, https://github.com/thomaspark/bootswatch, https://github.com/selectize/selectize.js, https://github.com/coreui/coreui-free-bootstrap-admin-template, https://github.com/wenzhixin/bootstrap-table, https://github.com/mdbootstrap/material-design-for-bootstrap, https://github.com/electron/electron, https://github.com/google/WebFundamentals, https://github.com/parcel-bundler/parcel, https://github.com/evanw/esbuild"
terminal,607000,"https://github.com/tldr-pages/tldr, https://github.com/httpie/cli, https://github.com/withfig/autocomplete, https://github.com/kingToolbox/WindTerm, https://github.com/warpdotdev/Warp, https://github.com/kovidgoyal/kitty, https://github.com/ohmyzsh/ohmyzsh, https://github.com/jesseduffield/lazygit, https://github.com/sharkdp/bat, https://github.com/chubin/cheat.sh, https://github.com/httpie/cli, https://github.com/sharkdp/fd, https://github.com/ibraheemdev/modern-unix, https://github.com/tqdm/tqdm"
react-native,600700,"https://github.com/facebook/react-native, https://github.com/justjavac/free-programming-books-zh_CN, https://github.com/laurent22/joplin, https://github.com/appwrite/appwrite, https://github.com/justjavac/free-programming-books-zh_CN, https://github.com/storybookjs/storybook, https://github.com/pubkey/rxdb, https://github.com/enaqx/awesome-react, https://github.com/status-im/status-mobile"
zsh,592398,"https://github.com/nvm-sh/nvm, https://github.com/junegunn/fzf, https://github.com/starship/starship, https://github.com/alebcay/awesome-shell, https://github.com/withfig/autocomplete, https://github.com/asdf-vm/asdf, https://github.com/ajeetdsouza/zoxide, https://github.com/warpdotdev/Warp, https://github.com/atuinsh/atuin, https://github.com/ohmyzsh/ohmyzsh, https://github.com/junegunn/fzf, https://github.com/alebcay/awesome-shell"
system-design,582600,"https://github.com/CyC2018/CS-Notes, https://github.com/yangshun/tech-interview-handbook, https://github.com/ByteByteGoHq/system-design-101, https://github.com/binhnguyennus/awesome-scalability, https://github.com/CyC2018/CS-Notes"
azure,577900,"https://github.com/bregman-arie/devops-exercises, https://github.com/pulumi/pulumi, https://github.com/getsops/sops, https://github.com/ramitsurana/awesome-kubernetes, https://github.com/caprover/caprover, https://github.com/milanm/DevOps-Roadmap, https://github.com/infracost/infracost, https://github.com/bregman-arie/devops-exercises, https://github.com/thangchung/clean-code-dotnet, https://github.com/smartstore/SmartStoreNET, https://github.com/loic-sharma/BaGet, https://github.com/smartstore/Smartstore, https://github.com/bregman-arie/devops-exercises, https://github.com/microsoft/generative-ai-for-beginners, https://github.com/pulumi/pulumi, https://github.com/recommenders-team/recommenders, https://github.com/danny-avila/LibreChat, https://github.com/getsops/sops, https://github.com/ramitsurana/awesome-kubernetes, https://github.com/Azure/azure-quickstart-templates, https://github.com/caprover/caprover, https://github.com/milanm/DevOps-Roadmap, https://github.com/infracost/infracost, https://github.com/prowler-cloud/prowler, https://github.com/google/go-cloud, https://github.com/microsoft/computervision-recipes, https://github.com/budtmo/docker-android, https://github.com/Netflix/metaflow, https://github.com/microsoft/azuredatastudio, https://github.com/midwayjs/midway, https://github.com/node-formidable/formidable, https://github.com/thangchung/clean-code-dotnet, https://github.com/mattzcarey/code-review-gpt, https://github.com/milanm/DevOps-Roadmap"
kubernetes,568800,"https://github.com/joaomilho/Enterprise, https://github.com/bregman-arie/devops-exercises, https://github.com/pulumi/pulumi, https://github.com/kubernetes-sigs/kubespray, https://github.com/ramitsurana/awesome-kubernetes, https://github.com/GoogleCloudPlatform/terraformer, https://github.com/milanm/DevOps-Roadmap, https://github.com/jhipster/generator-jhipster, https://github.com/bregman-arie/devops-exercises, https://github.com/MichaelCade/90DaysOfDevOps, https://github.com/kubernetes-sigs/kubespray, https://github.com/easzlab/kubeasz, https://github.com/geerlingguy/ansible-for-devops, https://github.com/khuedoan/homelab, https://github.com/Tikam02/DevOps-Guide, https://github.com/KubeOperator/KubeOperator, https://github.com/ChristianLempa/boilerplates, https://github.com/mudler/LocalAI, https://github.com/bregman-arie/devops-exercises, https://github.com/pulumi/pulumi, https://github.com/recommenders-team/recommenders, https://github.com/ramitsurana/awesome-kubernetes, https://github.com/milanm/DevOps-Roadmap, https://github.com/microsoft/computervision-recipes, https://github.com/budtmo/docker-android, https://github.com/Netflix/metaflow, https://github.com/LeCoupa/awesome-cheatsheets, https://github.com/milanm/DevOps-Roadmap, https://github.com/openshift/origin, https://github.com/gaia-pipeline/gaia, https://github.com/jenkins-x/jx, https://github.com/werf/werf, https://github.com/vitobotta/hetzner-k3s"
cross-platform,551300,"https://github.com/libgdx/libgdx, https://github.com/MonoGame/MonoGame, https://github.com/flutter/flutter, https://github.com/facebook/react-native, https://github.com/Solido/awesome-flutter, https://github.com/dcloudio/uni-app, https://github.com/NativeScript/NativeScript, https://github.com/ElectronNET/Electron.NET, https://github.com/Solido/awesome-flutter, https://github.com/vim/vim, https://github.com/google/flatbuffers"
free,546000,"https://github.com/justjavac/free-programming-books-zh_CN, https://github.com/justjavac/free-programming-books-zh_CN, https://github.com/public-apis/public-apis, https://github.com/StartBootstrap/startbootstrap-sb-admin-2, https://github.com/TheLartians/ModernCppStarter"
coding-interviews,543000,"https://github.com/jwasham/coding-interview-university, https://github.com/yangshun/tech-interview-handbook, https://github.com/kdn251/interviews, https://github.com/ByteByteGoHq/system-design-101"
bitcoin,523696,"https://github.com/ccxt/ccxt, https://github.com/bitcoin/bitcoin, https://github.com/ccxt/ccxt, https://github.com/freqtrade/freqtrade, https://github.com/bitcoinbook/bitcoinbook, https://github.com/HelloZeroNet/ZeroNet, https://github.com/solana-labs/solana, https://github.com/bbfamily/abu, https://github.com/askmike/gekko, https://github.com/dvf/blockchain, https://github.com/lightningnetwork/lnd, https://github.com/spesmilo/electrum, https://github.com/lbryio/lbry-sdk, https://github.com/getumbrel/umbrel, https://github.com/UFund-Me/Qbot, https://github.com/yeasy/blockchain_guide, https://github.com/btcpayserver/btcpayserver, https://github.com/btcsuite/btcd, https://github.com/bitcoinjs/bitcoinjs-lib, https://github.com/jesse-ai/jesse, https://github.com/anders94/blockchain-demo, https://github.com/ccxt/ccxt, https://github.com/bitcoin/bitcoin, https://github.com/ccxt/ccxt, https://github.com/freqtrade/freqtrade, https://github.com/dvf/blockchain, https://github.com/lightningnetwork/lnd, https://github.com/lbryio/lbry-sdk, https://github.com/jesse-ai/jesse"
cryptocurrency,517096,"https://github.com/ccxt/ccxt, https://github.com/bitcoin/bitcoin, https://github.com/ccxt/ccxt, https://github.com/freqtrade/freqtrade, https://github.com/dvf/blockchain, https://github.com/lightningnetwork/lnd, https://github.com/lbryio/lbry-sdk, https://github.com/jesse-ai/jesse, https://github.com/ccxt/ccxt, https://github.com/status-im/status-mobile, https://github.com/bitcoin/bitcoin, https://github.com/ccxt/ccxt, https://github.com/OpenBB-finance/OpenBB, https://github.com/freqtrade/freqtrade, https://github.com/dogecoin/dogecoin, https://github.com/monero-project/monero, https://github.com/xmrig/xmrig, https://github.com/hummingbot/hummingbot, https://github.com/kroma-network/tachyon, https://github.com/dvf/blockchain, https://github.com/lightningnetwork/lnd, https://github.com/lbryio/lbry-sdk, https://github.com/StockSharp/StockSharp, https://github.com/firmai/financial-machine-learning, https://github.com/cosmos/cosmos-sdk, https://github.com/sammchardy/python-binance, https://github.com/tendermint/tendermint, https://github.com/jesse-ai/jesse, https://github.com/sea-protocol/seaprotocol, https://github.com/mimblewimble/grin"
rust,515484,"https://github.com/FyroxEngine/Fyrox, https://github.com/swc-project/swc, https://github.com/ast-grep/ast-grep, https://github.com/starship/starship, https://github.com/ajeetdsouza/zoxide, https://github.com/warpdotdev/Warp, https://github.com/atuinsh/atuin, https://github.com/solana-labs/solana, https://github.com/ClickHouse/ClickHouse, https://github.com/google/flatbuffers, https://github.com/ruby/ruby, https://github.com/lk-geimfari/awesomo, https://github.com/sharkdp/bat, https://github.com/BurntSushi/ripgrep, https://github.com/sharkdp/fd, https://github.com/rust-lang/rust, https://github.com/swc-project/swc, https://github.com/mimblewimble/grin, https://github.com/drujensen/fib, https://github.com/hanabi1224/Programming-Language-Benchmarks"
security,497212,"https://github.com/getsops/sops, https://github.com/Hack-with-Github/Awesome-Hacking, https://github.com/trailofbits/algo, https://github.com/QuivrHQ/quivr, https://github.com/trimstray/the-book-of-secret-knowledge, https://github.com/Hack-with-Github/Awesome-Hacking, https://github.com/getsops/sops, https://github.com/prowler-cloud/prowler, https://github.com/x64dbg/x64dbg, https://github.com/radareorg/radare2, https://github.com/facebook/pyre-check, https://github.com/ajinabraham/nodejsscan, https://github.com/crev-dev/cargo-crev, https://github.com/bit4woo/python_sec, https://github.com/jiangsir404/Audit-Learning, https://github.com/monero-project/monero, https://github.com/owasp-noir/noir"
chrome-extension,492100,"https://github.com/jaywcjlove/linux-command, https://github.com/iamadamdev/bypass-paywalls-chrome, https://github.com/jaywcjlove/linux-command, https://github.com/refined-github/refined-github, https://github.com/openai-translator/openai-translator, https://github.com/darkreader/darkreader, https://github.com/dailydotdev/daily, https://github.com/checkly/headless-recorder, https://github.com/gildas-lormeau/SingleFile, https://github.com/unbug/codelf, https://github.com/immersive-translate/immersive-translate, https://github.com/wong2/chatgpt-google-extension, https://github.com/Anarios/return-youtube-dislike, https://github.com/crimx/ext-saladict, https://github.com/alyssaxuu/screenity, https://github.com/listen1/listen1_chrome_extension, https://github.com/AutomaApp/automa, https://github.com/chathub-dev/chathub, https://github.com/josStorer/chatGPTBox, https://github.com/ajayyy/SponsorBlock, https://github.com/PlasmoHQ/plasmo, https://github.com/iamadamdev/bypass-paywalls-chrome, https://github.com/jaywcjlove/linux-command, https://github.com/checkly/headless-recorder, https://github.com/gildas-lormeau/SingleFile, https://github.com/crimx/ext-saladict, https://github.com/ajayyy/SponsorBlock"
bootstrap,490000,"https://github.com/codingforentrepreneurs/eCommerce, https://github.com/smartstore/Smartstore, https://github.com/twbs/bootstrap, https://github.com/ColorlibHQ/AdminLTE, https://github.com/tabler/tabler, https://github.com/mdbootstrap/mdb-ui-kit, https://github.com/react-bootstrap/react-bootstrap, https://github.com/ColorlibHQ/gentelella, https://github.com/verekia/js-stack-from-scratch, https://github.com/thomaspark/bootswatch, https://github.com/bootstrap-vue/bootstrap-vue, https://github.com/selectize/selectize.js, https://github.com/uxsolutions/bootstrap-datepicker, https://github.com/coreui/coreui-free-bootstrap-admin-template, https://github.com/wenzhixin/bootstrap-table, https://github.com/Templarian/MaterialDesign, https://github.com/reactstrap/reactstrap, https://github.com/snapappointments/bootstrap-select, https://github.com/StartBootstrap/startbootstrap-sb-admin-2, https://github.com/mdbootstrap/material-design-for-bootstrap, https://github.com/ng-bootstrap/ng-bootstrap, https://github.com/twbs/icons, https://github.com/TheLartians/ModernCppStarter"
cloud,483500,"https://github.com/joaomilho/Enterprise, https://github.com/localstack/localstack, https://github.com/pulumi/pulumi, https://github.com/aws/aws-cli, https://github.com/donnemartin/awesome-aws, https://github.com/GoogleCloudPlatform/terraformer, https://github.com/infracost/infracost, https://github.com/aws/chalice, https://github.com/jhipster/generator-jhipster, https://github.com/awesome-selfhosted/awesome-selfhosted, https://github.com/pulumi/pulumi, https://github.com/infracost/infracost, https://github.com/prowler-cloud/prowler, https://github.com/google/go-cloud, https://github.com/budtmo/docker-android, https://github.com/midwayjs/midway, https://github.com/gitpod-io/gitpod, https://github.com/localstack/localstack"
mobile,481100,"https://github.com/flutter/flutter, https://github.com/facebook/react-native, https://github.com/Solido/awesome-flutter, https://github.com/fastlane/fastlane, https://github.com/ionic-team/ionic-framework, https://github.com/Solido/awesome-flutter, https://github.com/status-im/status-mobile"
ansible,468600,"https://github.com/bregman-arie/devops-exercises, https://github.com/kubernetes-sigs/kubespray, https://github.com/bregman-arie/devops-exercises, https://github.com/ansible/ansible, https://github.com/trailofbits/algo, https://github.com/MichaelCade/90DaysOfDevOps, https://github.com/StreisandEffect/streisand, https://github.com/kubernetes-sigs/kubespray, https://github.com/ansible/awx, https://github.com/easzlab/kubeasz, https://github.com/semaphoreui/semaphore, https://github.com/netbootxyz/netboot.xyz, https://github.com/geerlingguy/ansible-for-devops, https://github.com/khuedoan/homelab, https://github.com/Tikam02/DevOps-Guide, https://github.com/geerlingguy/mac-dev-playbook, https://github.com/rundeck/rundeck, https://github.com/KubeOperator/KubeOperator, https://github.com/clong/DetectionLab, https://github.com/ChristianLempa/boilerplates, https://github.com/dev-sec/ansible-collection-hardening, https://github.com/ansible/molecule, https://github.com/bregman-arie/devops-exercises"
testing,454600,"https://github.com/localstack/localstack, https://github.com/storybookjs/storybook, https://github.com/goldbergyoni/javascript-testing-best-practices, https://github.com/ansible/molecule, https://github.com/hoppscotch/hoppscotch, https://github.com/puppeteer/puppeteer, https://github.com/microsoft/playwright, https://github.com/chromedp/chromedp, https://github.com/ultrafunkamsterdam/undetected-chromedriver, https://github.com/localstack/localstack"
material-design,450900,"https://github.com/flutter/flutter, https://github.com/Solido/awesome-flutter, https://github.com/google/material-design-icons, https://github.com/ionic-team/ionic-framework, https://github.com/angular/components, https://github.com/Solido/awesome-flutter, https://github.com/mdbootstrap/mdb-ui-kit, https://github.com/wenzhixin/bootstrap-table, https://github.com/Templarian/MaterialDesign, https://github.com/mdbootstrap/material-design-for-bootstrap"
firefox,450100,"https://github.com/iamadamdev/bypass-paywalls-chrome, https://github.com/gildas-lormeau/SingleFile, https://github.com/Anarios/return-youtube-dislike, https://github.com/crimx/ext-saladict, https://github.com/ajayyy/SponsorBlock, https://github.com/puppeteer/puppeteer, https://github.com/microsoft/playwright, https://github.com/iamadamdev/bypass-paywalls-chrome, https://github.com/FiloSottile/mkcert, https://github.com/ovity/octotree, https://github.com/gildas-lormeau/SingleFile, https://github.com/crimx/ext-saladict, https://github.com/MetaMask/metamask-extension, https://github.com/moonD4rk/HackBrowserData, https://github.com/ajayyy/SponsorBlock, https://github.com/ovity/octotree"
git,449500,"https://github.com/bregman-arie/devops-exercises, https://github.com/bregman-arie/devops-exercises, https://github.com/Tikam02/DevOps-Guide, https://github.com/tiimgreen/github-cheat-sheet, https://github.com/bregman-arie/devops-exercises, https://github.com/logseq/logseq, https://github.com/jesseduffield/lazygit, https://github.com/sharkdp/bat, https://github.com/cli/cli, https://github.com/harness/gitness"
development,449200,"https://github.com/donnemartin/interactive-coding-challenges, https://github.com/public-apis/public-apis, https://github.com/httpie/cli, https://github.com/n8n-io/n8n, https://github.com/httpie/cli"
interview-practice,437500,"https://github.com/yangshun/tech-interview-handbook, https://github.com/kdn251/interviews, https://github.com/huihut/interview, https://github.com/donnemartin/interactive-coding-challenges, https://github.com/DopplerHQ/awesome-interview-questions, https://github.com/binhnguyennus/awesome-scalability, https://github.com/huihut/interview, https://github.com/huihut/interview"
command-line,436200,"https://github.com/tldr-pages/tldr, https://github.com/justcallmekoko/ESP32Marauder, https://github.com/arduino/arduino-cli, https://github.com/ast-grep/ast-grep, https://github.com/jaywcjlove/linux-command, https://github.com/dylanaraps/neofetch, https://github.com/ajeetdsouza/zoxide, https://github.com/jaywcjlove/linux-command, https://github.com/jaywcjlove/linux-command, https://github.com/sharkdp/bat, https://github.com/BurntSushi/ripgrep, https://github.com/chubin/cheat.sh, https://github.com/spf13/cobra, https://github.com/sharkdp/fd, https://github.com/ibraheemdev/modern-unix"
machine-learning,430500,"https://github.com/isl-org/Open3D, https://github.com/timzhang642/3D-Machine-Learning, https://github.com/nerfstudio-project/nerfstudio, https://github.com/TheAlgorithms/C-Plus-Plus, https://github.com/mxgmn/WaveFunctionCollapse, https://github.com/trekhleb/homemade-machine-learning, https://github.com/donnemartin/data-science-ipython-notebooks, https://github.com/ramitsurana/awesome-kubernetes, https://github.com/donnemartin/awesome-aws, https://github.com/paperless-ngx/paperless-ngx, https://github.com/binhnguyennus/awesome-scalability, https://github.com/recommenders-team/recommenders, https://github.com/ramitsurana/awesome-kubernetes, https://github.com/microsoft/computervision-recipes, https://github.com/Netflix/metaflow, https://github.com/bbfamily/abu, https://github.com/UFund-Me/Qbot, https://github.com/RasaHQ/rasa, https://github.com/gunthercox/ChatterBot, https://github.com/CMU-Perceptual-Computing-Lab/openpose, https://github.com/TheAlgorithms/C-Plus-Plus, https://github.com/iterative/cml, https://github.com/OpenBB-finance/OpenBB"
node,424757,"https://github.com/k8w/tsrpc, https://github.com/caprover/caprover, https://github.com/Asabeneh/30-Days-Of-JavaScript, https://github.com/directus/directus, https://github.com/sindresorhus/awesome-nodejs, https://github.com/caprover/caprover, https://github.com/nvm-sh/nvm, https://github.com/asdf-vm/asdf, https://github.com/ajinabraham/nodejsscan, https://github.com/n8n-io/n8n, https://github.com/vercel/next.js, https://github.com/drujensen/fib"
bot,414296,"https://github.com/danog/MadelineProto, https://github.com/ccxt/ccxt, https://github.com/ccxt/ccxt, https://github.com/jesse-ai/jesse, https://github.com/ccxt/ccxt, https://github.com/python-telegram-bot/python-telegram-bot, https://github.com/discordjs/discord.js, https://github.com/wechaty/wechaty, https://github.com/RasaHQ/rasa, https://github.com/InstaPy/InstaPy, https://github.com/hubotio/hubot, https://github.com/leon-ai/leon, https://github.com/pedroslopez/whatsapp-web.js, https://github.com/Rapptz/discord.py, https://github.com/tgbot-collection/YYeTsBot, https://github.com/gunthercox/ChatterBot, https://github.com/lss233/chatgpt-mirai-qq-bot, https://github.com/howdyai/botkit, https://github.com/Mrs4s/go-cqhttp, https://github.com/sfyc23/EverydayWechat, https://github.com/yagop/node-telegram-bot-api, https://github.com/telegraf/telegraf, https://github.com/microsoft/ailab, https://github.com/microsoft/botframework-sdk, https://github.com/ccxt/ccxt, https://github.com/jesse-ai/jesse"
open-source,412500,"https://github.com/MonoGame/MonoGame, https://github.com/4ian/GDevelop, https://github.com/apereo/cas, https://github.com/public-apis/public-apis, https://github.com/StartBootstrap/startbootstrap-sb-admin-2, https://github.com/serhii-londar/open-source-mac-os-apps, https://github.com/lk-geimfari/awesomo, https://github.com/TheLartians/ModernCppStarter, https://github.com/hummingbot/hummingbot"
hacking,401200,"https://github.com/Hack-with-Github/Awesome-Hacking, https://github.com/trimstray/the-book-of-secret-knowledge, https://github.com/Hack-with-Github/Awesome-Hacking, https://github.com/x64dbg/x64dbg, https://github.com/WerWolv/ImHex, https://github.com/moonD4rk/HackBrowserData"
developer-tools,394500,"https://github.com/localstack/localstack, https://github.com/phidatahq/phidata, https://github.com/hoppscotch/hoppscotch, https://github.com/httpie/cli, https://github.com/koalaman/shellcheck, https://github.com/dailydotdev/daily, https://github.com/puppeteer/puppeteer, https://github.com/reviewboard/reviewboard, https://github.com/httpie/cli, https://github.com/localstack/localstack, https://github.com/iterative/cml"
language,391798,"https://github.com/joaomilho/Enterprise, https://github.com/LeCoupa/awesome-cheatsheets, https://github.com/gunthercox/ChatterBot, https://github.com/carbon-language/carbon-lang, https://github.com/ethereum/solidity, https://github.com/ruby/ruby, https://github.com/rust-lang/rust, https://github.com/FuelLabs/sway, https://github.com/vlang/v, https://github.com/ziglang/zig, https://github.com/carbon-language/carbon-lang"
ui,389600,"https://github.com/metafizzy/infinite-scroll, https://github.com/wasabeef/awesome-android-ui, https://github.com/storybookjs/storybook, https://github.com/ocornut/imgui, https://github.com/wasabeef/awesome-android-ui, https://github.com/reactstrap/reactstrap, https://github.com/snapappointments/bootstrap-select, https://github.com/mdbootstrap/material-design-for-bootstrap, https://github.com/penpot/penpot, https://github.com/sveltejs/svelte"
mobile-development,387400,"https://github.com/flutter/flutter, https://github.com/facebook/react-native, https://github.com/Solido/awesome-flutter, https://github.com/Solido/awesome-flutter"
software,384100,"https://github.com/public-apis/public-apis, https://github.com/jaywcjlove/awesome-mac"
apis,384000,"https://github.com/public-apis/public-apis, https://github.com/Binaryify/NeteaseCloudMusicApi, https://github.com/n8n-io/n8n"
search,370000,"https://github.com/TheAlgorithms/Java, https://github.com/TheAlgorithms/JavaScript, https://github.com/TheAlgorithms/C-Plus-Plus, https://github.com/keon/algorithms, https://github.com/danny-avila/LibreChat, https://github.com/ast-grep/ast-grep, https://github.com/jaywcjlove/linux-command, https://github.com/TheAlgorithms/C-Plus-Plus, https://github.com/jaywcjlove/linux-command, https://github.com/jaywcjlove/linux-command, https://github.com/BurntSushi/ripgrep, https://github.com/sharkdp/fd"
framework,368502,"https://github.com/libgdx/libgdx, https://github.com/k8w/tsrpc, https://github.com/ionic-team/ionic-framework, https://github.com/fastapi/fastapi, https://github.com/ocornut/imgui, https://github.com/QuivrHQ/quivr, https://github.com/abpframework/abp, https://github.com/aspnetboilerplate/aspnetboilerplate, https://github.com/midwayjs/midway, https://github.com/jesse-ai/jesse, https://github.com/mdbootstrap/mdb-ui-kit, https://github.com/mdbootstrap/material-design-for-bootstrap, https://github.com/python-telegram-bot/python-telegram-bot, https://github.com/wechaty/wechaty, https://github.com/jesse-ai/jesse, https://github.com/amberframework/amber, https://github.com/martenframework/marten"
interview-prep,366100,"https://github.com/jwasham/coding-interview-university, https://github.com/kdn251/interviews"
coding-interview,366100,"https://github.com/jwasham/coding-interview-university, https://github.com/kdn251/interviews"
3d,365400,"https://github.com/mrdoob/three.js, https://github.com/pmndrs/react-three-fiber, https://github.com/libgdx/libgdx, https://github.com/BabylonJS/Babylon.js, https://github.com/ssloy/tinyrenderer, https://github.com/FreeCAD/FreeCAD, https://github.com/lettier/3d-game-shaders-for-beginners, https://github.com/aframevr/aframe, https://github.com/CesiumGS/cesium, https://github.com/blender/blender, https://github.com/MonoGame/MonoGame, https://github.com/isl-org/Open3D, https://github.com/mapbox/mapbox-gl-js, https://github.com/metafizzy/zdog, https://github.com/timzhang642/3D-Machine-Learning, https://github.com/nerfstudio-project/nerfstudio, https://github.com/4ian/GDevelop, https://github.com/a1studmuffin/SpaceshipGenerator, https://github.com/FyroxEngine/Fyrox, https://github.com/domlysz/BlenderGIS"
software-engineering,364900,"https://github.com/jwasham/coding-interview-university, https://github.com/ByteByteGoHq/system-design-101"
swift,364157,"https://github.com/justjavac/free-programming-books-zh_CN, https://github.com/appwrite/appwrite, https://github.com/justjavac/free-programming-books-zh_CN, https://github.com/NativeScript/NativeScript, https://github.com/serhii-londar/open-source-mac-os-apps, https://github.com/kanaka/mal, https://github.com/realm/SwiftLint, https://github.com/pmd/pmd, https://github.com/drujensen/fib"
vim,363813,"https://github.com/neovim/neovim, https://github.com/junegunn/fzf, https://github.com/LeCoupa/awesome-cheatsheets, https://github.com/neovim/neovim, https://github.com/vim/vim, https://github.com/junegunn/fzf, https://github.com/vim-crystal/vim-crystal"
ffmpeg,357400,"https://github.com/Genymobile/scrcpy, https://github.com/Genymobile/scrcpy, https://github.com/obsproject/obs-studio, https://github.com/FFmpeg/FFmpeg, https://github.com/mpv-player/mpv, https://github.com/alyssaxuu/screenity"
kotlin,351427,"https://github.com/justjavac/free-programming-books-zh_CN, https://github.com/square/okhttp, https://github.com/justjavac/free-programming-books-zh_CN, https://github.com/NativeScript/NativeScript, https://github.com/izhangzhihao/intellij-rainbow-brackets, https://github.com/detekt/detekt, https://github.com/JetBrains/kotlin, https://github.com/hanabi1224/Programming-Language-Benchmarks"
study-plan,350800,"https://github.com/jwasham/coding-interview-university, https://github.com/milanm/DevOps-Roadmap, https://github.com/milanm/DevOps-Roadmap, https://github.com/grab/front-end-guide, https://github.com/milanm/DevOps-Roadmap"
database,350400,"https://github.com/huihut/interview, https://github.com/SheetJS/sheetjs, https://github.com/pubkey/rxdb, https://github.com/QuivrHQ/quivr, https://github.com/directus/directus, https://github.com/PostgREST/postgrest, https://github.com/LeCoupa/awesome-cheatsheets, https://github.com/huihut/interview, https://github.com/dragonflydb/dragonfly, https://github.com/huihut/interview, https://github.com/metabase/metabase, https://github.com/tonsky/datascript"
automation,349900,"https://github.com/fastlane/fastlane, https://github.com/ansible/awx, https://github.com/geerlingguy/mac-dev-playbook, https://github.com/rundeck/rundeck, https://github.com/arendst/Tasmota, https://github.com/InstaPy/InstaPy, https://github.com/leon-ai/leon, https://github.com/AutomaApp/automa, https://github.com/puppeteer/puppeteer, https://github.com/microsoft/playwright, https://github.com/ultrafunkamsterdam/undetected-chromedriver, https://github.com/danger/danger, https://github.com/n8n-io/n8n, https://github.com/gaia-pipeline/gaia, https://github.com/ovh/cds"
documentation,345100,"https://github.com/tldr-pages/tldr, https://github.com/storybookjs/storybook, https://github.com/SimulatedGREG/electron-vue, https://github.com/documentationjs/documentation, https://github.com/jlevy/the-art-of-command-line, https://github.com/chubin/cheat.sh"
graphql,342900,"https://github.com/prettier/prettier, https://github.com/pubkey/rxdb, https://github.com/hoppscotch/hoppscotch, https://github.com/strapi/strapi, https://github.com/Kong/insomnia, https://github.com/hasura/graphql-engine, https://github.com/directus/directus, https://github.com/gatsbyjs/gatsby"
algorithm-competitions,338500,"https://github.com/TheAlgorithms/Python, https://github.com/kdn251/interviews, https://github.com/halfrost/LeetCode-Go, https://github.com/TheAlgorithms/C-Plus-Plus, https://github.com/TheAlgorithms/C-Plus-Plus"
flutter,336600,"https://github.com/flutter/flutter, https://github.com/Solido/awesome-flutter, https://github.com/appwrite/appwrite, https://github.com/NativeScript/NativeScript, https://github.com/Solido/awesome-flutter"
tutorial,328100,"https://github.com/ssloy/tinyrenderer, https://github.com/dwyl/learn-to-send-email-via-google-script-html-no-server, https://github.com/enaqx/awesome-react, https://github.com/recommenders-team/recommenders, https://github.com/microsoft/computervision-recipes, https://github.com/verekia/js-stack-from-scratch, https://github.com/practical-tutorials/project-based-learning"
containers,322200,"https://github.com/bregman-arie/devops-exercises, https://github.com/pulumi/pulumi, https://github.com/caprover/caprover, https://github.com/bregman-arie/devops-exercises, https://github.com/MichaelCade/90DaysOfDevOps, https://github.com/Tikam02/DevOps-Guide, https://github.com/KubeOperator/KubeOperator, https://github.com/bregman-arie/devops-exercises, https://github.com/pulumi/pulumi, https://github.com/caprover/caprover, https://github.com/dagger/dagger, https://github.com/openshift/origin"
